analysis_id,dimension,manuscript_content,manuscript_location,code_content,code_file,code_lines,results,data_needed,data_available,notes,Unnamed: 11,dimension_norm,paper_id,human_analysis_id,codebot_analysis_id,link_type,confidence
A1.1,model specification,"""Zero-order correlations are reported in Table 3.""",table,"cor(datafile[,5:11])",pilot_paper/elson_2020/analysis_code.R,118,1.0,1,0.0,data about self-reports not in data file/code but results shown in the table 3,,model,elson_2020,A1.1,1,exact,0.9
A1.1,variable specification,"""2. Significance to media psychology 1""",table,"# NOTE: Self-reported familiarity not included in shareable file cor(datafile[,5:11])",pilot_paper/elson_2020/analysis_code.R,"117, 118",,1,0.0,,,variables,elson_2020,A1.1,1,exact,0.9
A1.1,variable specification,"""2. Significance to media psychology 1""",table,"cor(datafile[,5:11])",pilot_paper/elson_2020/analysis_code.R,"117, 118",,1,0.0,1 stands for self-reported familiarity,,variables,elson_2020,A1.1,1,exact,0.9
A1.1,inference criteria,,,,pilot_paper/elson_2020/analysis_code.R,,,,,,,inference,elson_2020,A1.1,1,exact,0.9
A1.1,transformation,,,,pilot_paper/elson_2020/analysis_code.R,,,,,,,transform,elson_2020,A1.1,1,exact,0.9
A1.1,transformation,,,,pilot_paper/elson_2020/analysis_code.R,,,,,,,transform,elson_2020,A1.1,1,exact,0.9
A1.2,model specification,"""Zero-order correlations are reported in Table 3.""",table,"cor(datafile[,5:11])",pilot_paper/elson_2020/analysis_code.R,118,1.0,1,0.0,data about self-reports not in data file/code but shown in the table 3,,model,elson_2020,A1.2,2,fragment_of,0.9
A1.2,variable specification,"""3. quality of writing 1""",table,"# NOTE: Self-reported familiarity not included in shareable file cor(datafile[,5:11])",pilot_paper/elson_2020/analysis_code.R,"117, 118",,1,0.0,1 stands for self-reported familiarity,,variables,elson_2020,A1.2,2,fragment_of,0.9
A1.2,variable specification,"""3. quality of writing 1""",table,"cor(datafile[,5:11])",pilot_paper/elson_2020/analysis_code.R,"117, 118",,1,0.0,,,variables,elson_2020,A1.2,2,fragment_of,0.9
A1.2,inference criteria,,,,pilot_paper/elson_2020/analysis_code.R,,,,,,,inference,elson_2020,A1.2,2,fragment_of,0.9
A1.2,transformation,,,,pilot_paper/elson_2020/analysis_code.R,,,,,,,transform,elson_2020,A1.2,2,fragment_of,0.9
A1.2,transformation,,,,pilot_paper/elson_2020/analysis_code.R,,,,,,,transform,elson_2020,A1.2,2,fragment_of,0.9
A1.3,model specification,"""Zero-order correlations are reported in Table 3.""",table,"cor(datafile[,5:11])",pilot_paper/elson_2020/analysis_code.R,118,1.0,1,0.0,data about self-reports not in data file/code but shown in the table 3,,model,elson_2020,A1.3,3,exact,0.9
A1.3,variable specification,""" 4. Sophistication of theory 1""",table,"# NOTE: Self-reported familiarity not included in shareable file cor(datafile[,5:11])",pilot_paper/elson_2020/analysis_code.R,"117, 118",,1,0.0,,,variables,elson_2020,A1.3,3,exact,0.9
A1.3,variable specification,""" 4. Sophistication of theory 1""",table,"cor(datafile[,5:11])",pilot_paper/elson_2020/analysis_code.R,"117, 118",,1,0.0,1 stands for self-reported familiarity,,variables,elson_2020,A1.3,3,exact,0.9
A1.3,inference criteria,,,,pilot_paper/elson_2020/analysis_code.R,,,,,,,inference,elson_2020,A1.3,3,exact,0.9
A1.3,transformation,,,,pilot_paper/elson_2020/analysis_code.R,,,Na,,,,transform,elson_2020,A1.3,3,exact,0.9
A1.3,transformation,,,,pilot_paper/elson_2020/analysis_code.R,,,Na,,,,transform,elson_2020,A1.3,3,exact,0.9
A1.4,model specification,"""Zero-order correlations are reported in Table 3.""",table,"cor(datafile[,5:11])",pilot_paper/elson_2020/analysis_code.R,118,1.0,1,0.0,data about self-reports not in data file/code but shown in the table 3,,model,elson_2020,A1.4,4,exact,0.9
A1.4,variable specification,"""5. Appropriateness of methods and design 1""",table,"# NOTE: Self-reported familiarity not included in shareable file cor(datafile[,5:11])",pilot_paper/elson_2020/analysis_code.R,"117, 118",,,,,,variables,elson_2020,A1.4,4,exact,0.9
A1.4,variable specification,"""5. Appropriateness of methods and design 1""",table,"cor(datafile[,5:11])",pilot_paper/elson_2020/analysis_code.R,"117, 118",,,,1 stands for self-reported familiarity,,variables,elson_2020,A1.4,4,exact,0.9
A1.4,inference criteria,,,,pilot_paper/elson_2020/analysis_code.R,,,,,,,inference,elson_2020,A1.4,4,exact,0.9
A1.4,transformation,,,,pilot_paper/elson_2020/analysis_code.R,,,,,,,transform,elson_2020,A1.4,4,exact,0.9
A1.4,transformation,,,,pilot_paper/elson_2020/analysis_code.R,,,,,,,transform,elson_2020,A1.4,4,exact,0.9
A1.5,model specification,"""Zero-order correlations are reported in Table 3.""",table,"cor(datafile[,5:11])",pilot_paper/elson_2020/analysis_code.R,118,1.0,1,0.0,data about self-reports not in data file/code but shown in the table 3,,model,elson_2020,A1.5,5,fragment_of,0.86
A1.5,variable specification,"""6. Presentation and discussion of results 1""",table,"# NOTE: Self-reported familiarity not included in shareable file cor(datafile[,5:11])",pilot_paper/elson_2020/analysis_code.R,"117, 118",,,,,,variables,elson_2020,A1.5,5,fragment_of,0.86
A1.5,variable specification,"""6. Presentation and discussion of results 1""",table,"cor(datafile[,5:11])",pilot_paper/elson_2020/analysis_code.R,"117, 118",,,,1 stands for self-reported familiarity,,variables,elson_2020,A1.5,5,fragment_of,0.86
A1.5,inference criteria,,,,pilot_paper/elson_2020/analysis_code.R,,,,,,,inference,elson_2020,A1.5,5,fragment_of,0.86
A1.5,transformation,,,,pilot_paper/elson_2020/analysis_code.R,,,,,,,transform,elson_2020,A1.5,5,fragment_of,0.86
A1.5,transformation,,,,pilot_paper/elson_2020/analysis_code.R,,,,,,,transform,elson_2020,A1.5,5,fragment_of,0.86
A1.6,model specification,"""Zero-order correlations are reported in Table 3.""",table,"cor(datafile[,5:11])",pilot_paper/elson_2020/analysis_code.R,118,1.0,1,0.0,data about self-reports not in data file/code but shown in the table 3,,model,elson_2020,A1.6,6,fragment_of,0.86
A1.6,variable specification,"""7. Overall recommendation 1""",table,"# NOTE: Self-reported familiarity not included in shareable file cor(datafile[,5:11])",pilot_paper/elson_2020/analysis_code.R,"117, 118",,,,,,variables,elson_2020,A1.6,6,fragment_of,0.86
A1.6,variable specification,"""7. Overall recommendation 1""",table,"cor(datafile[,5:11])",pilot_paper/elson_2020/analysis_code.R,"117, 118",,,,1 stands for self-reported familiarity,,variables,elson_2020,A1.6,6,fragment_of,0.86
A1.6,inference criteria,,,,pilot_paper/elson_2020/analysis_code.R,,,,,,,inference,elson_2020,A1.6,6,fragment_of,0.86
A1.6,transformation,,,,pilot_paper/elson_2020/analysis_code.R,,,,,,,transform,elson_2020,A1.6,6,fragment_of,0.86
A1.6,transformation,,,,pilot_paper/elson_2020/analysis_code.R,,,,,,,transform,elson_2020,A1.6,6,fragment_of,0.86
A1.7,model specification,"""Zero-order correlations are reported in Table 3.""",table,"cor(datafile[,5:11])",pilot_paper/elson_2020/analysis_code.R,118,1.0,1,0.0,data about self-reports not in data file/code but shown in the table 3,,model,elson_2020,A1.7,,no_match,0.0
A1.7,variable specification,"""8. Total score 1""",table,"# NOTE: Self-reported familiarity not included in shareable file cor(datafile[,5:11])",pilot_paper/elson_2020/analysis_code.R,"117, 118",0.0,1,0.0,,,variables,elson_2020,A1.7,,no_match,0.0
A1.7,variable specification,"""8. Total score 1""",table,"file cor(datafile[,5:11])",pilot_paper/elson_2020/analysis_code.R,"117, 118",0.0,1,0.0,1 stands for self-reported familiarity,,variables,elson_2020,A1.7,,no_match,0.0
A1.7,inference criteria,,,,pilot_paper/elson_2020/analysis_code.R,,,,,,,inference,elson_2020,A1.7,,no_match,0.0
A1.7,transformation,,,,pilot_paper/elson_2020/analysis_code.R,,,,,,,transform,elson_2020,A1.7,,no_match,0.0
A1.7,transformation,"""For each review, a total score was computed from the evaluation ratings (each worth 10%) and the recommendation rating (worth 50%).""",text,,pilot_paper/elson_2020/analysis_code.R,,,1,0.0,would need raw data from before the processing,,transform,elson_2020,A1.7,,no_match,0.0
A1.8,model specification,"""Zero-order correlations are reported in Table 3.""",table,"cor(datafile[,5:11])",pilot_paper/elson_2020/analysis_code.R,118,1.0,1,1.0,,,model,elson_2020,A1.8,8,exact,0.9
A1.8,variable specification,"""3. Quality of writing 2""",table,"cor(datafile[,5:11])",pilot_paper/elson_2020/analysis_code.R,118,1.0,1,1.0,,,variables,elson_2020,A1.8,8,exact,0.9
A1.8,variable specification,"""3. Quality of writing 2""",table,"cor(datafile[,5:11])",pilot_paper/elson_2020/analysis_code.R,118,1.0,1,1.0,2 stands for significance to media psychology,,variables,elson_2020,A1.8,8,exact,0.9
A1.8,inference criteria,,,,pilot_paper/elson_2020/analysis_code.R,,,,,,,inference,elson_2020,A1.8,8,exact,0.9
A1.8,transformation,,,,pilot_paper/elson_2020/analysis_code.R,,,,,,,transform,elson_2020,A1.8,8,exact,0.9
A1.8,transformation,,,,pilot_paper/elson_2020/analysis_code.R,,,,,,,transform,elson_2020,A1.8,8,exact,0.9
A1.9,model specification,"""Zero-order correlations are reported in Table 3.""",table,"cor(datafile[,5:11])",pilot_paper/elson_2020/analysis_code.R,118,1.0,1,1.0,,,model,elson_2020,A1.9,9,exact,0.86
A1.9,variable specification,"""4. Sophistication of theory 2""",table,"cor(datafile[,5:11])",pilot_paper/elson_2020/analysis_code.R,118,1.0,1,1.0,,,variables,elson_2020,A1.9,9,exact,0.86
A1.9,variable specification,"""4. Sophistication of theory 2""",table,"cor(datafile[,5:11])",pilot_paper/elson_2020/analysis_code.R,118,1.0,1,1.0,2 stands for significance to media psychology,,variables,elson_2020,A1.9,9,exact,0.86
A1.9,inference criteria,,,,pilot_paper/elson_2020/analysis_code.R,,,,,,,inference,elson_2020,A1.9,9,exact,0.86
A1.9,transformation,,,,pilot_paper/elson_2020/analysis_code.R,,,,,,,transform,elson_2020,A1.9,9,exact,0.86
A1.9,transformation,,,,pilot_paper/elson_2020/analysis_code.R,,,,,,,transform,elson_2020,A1.9,9,exact,0.86
A1.10,model specification,"""Zero-order correlations are reported in Table 3.""",table,"cor(datafile[,5:11])",pilot_paper/elson_2020/analysis_code.R,118,1.0,1,1.0,,,model,elson_2020,A1.10,,no_match,0.0
A1.10,variable specification,"""5. Appropriateness of methods and design 2""",table,"cor(datafile[,5:11])",pilot_paper/elson_2020/analysis_code.R,118,1.0,1,1.0,,,variables,elson_2020,A1.10,,no_match,0.0
A1.10,variable specification,"""5. Appropriateness of methods and design 2""",table,"cor(datafile[,5:11])",pilot_paper/elson_2020/analysis_code.R,118,1.0,1,1.0,2 stands for significance to media psychology,,variables,elson_2020,A1.10,,no_match,0.0
A1.10,inference criteria,,,,pilot_paper/elson_2020/analysis_code.R,,,,,,,inference,elson_2020,A1.10,,no_match,0.0
A1.10,transformation,,,,pilot_paper/elson_2020/analysis_code.R,,,,,,,transform,elson_2020,A1.10,,no_match,0.0
A1.10,transformation,,,,pilot_paper/elson_2020/analysis_code.R,,,,,,,transform,elson_2020,A1.10,,no_match,0.0
A1.11,model specification,"""Zero-order correlations are reported in Table 3.""",table,"cor(datafile[,5:11])",pilot_paper/elson_2020/analysis_code.R,118,1.0,1,1.0,,,model,elson_2020,A1.11,,no_match,0.0
A1.11,variable specification,"""6. Presentation and discussion of results 2""",table,"cor(datafile[,5:11])",pilot_paper/elson_2020/analysis_code.R,118,1.0,1,1.0,,,variables,elson_2020,A1.11,,no_match,0.0
A1.11,variable specification,"""6. Presentation and discussion of results 2""",table,"cor(datafile[,5:11])",pilot_paper/elson_2020/analysis_code.R,118,1.0,1,1.0,2 stands for significance to media psychology,,variables,elson_2020,A1.11,,no_match,0.0
A1.11,inference criteria,,,,pilot_paper/elson_2020/analysis_code.R,,,,,,,inference,elson_2020,A1.11,,no_match,0.0
A1.11,transformation,,,,pilot_paper/elson_2020/analysis_code.R,,,,,,,transform,elson_2020,A1.11,,no_match,0.0
A1.11,transformation,,,,pilot_paper/elson_2020/analysis_code.R,,,,,,,transform,elson_2020,A1.11,,no_match,0.0
A1.12,model specification,"""Zero-order correlations are reported in Table 3.""",table,"cor(datafile[,5:11])",pilot_paper/elson_2020/analysis_code.R,118,1.0,1,1.0,,,model,elson_2020,A1.12,12,exact,0.86
A1.12,variable specification,"""7. Overall recommendation 2""",table,"cor(datafile[,5:11])",pilot_paper/elson_2020/analysis_code.R,118,1.0,1,1.0,,,variables,elson_2020,A1.12,12,exact,0.86
A1.12,variable specification,"""7. Overall recommendation 2""",table,"cor(datafile[,5:11])",pilot_paper/elson_2020/analysis_code.R,118,1.0,1,1.0,2 stands for significance to media psychology,,variables,elson_2020,A1.12,12,exact,0.86
A1.12,inference criteria,,,,pilot_paper/elson_2020/analysis_code.R,,,,,,,inference,elson_2020,A1.12,12,exact,0.86
A1.12,transformation,,,,pilot_paper/elson_2020/analysis_code.R,,,,,,,transform,elson_2020,A1.12,12,exact,0.86
A1.12,transformation,,,,pilot_paper/elson_2020/analysis_code.R,,,,,,,transform,elson_2020,A1.12,12,exact,0.86
A1.13,model specification,"""Zero-order correlations are reported in Table 3.""",table,"cor(datafile[,5:11])",pilot_paper/elson_2020/analysis_code.R,118,1.0,1,1.0,,,model,elson_2020,A1.13,,no_match,0.0
A1.13,variable specification,"""8. Total score 2""",table,"cor(datafile[,5:11])",pilot_paper/elson_2020/analysis_code.R,118,1.0,1,1.0,,,variables,elson_2020,A1.13,,no_match,0.0
A1.13,variable specification,"""8. Total score 2""",table,"cor(datafile[,5:11])",pilot_paper/elson_2020/analysis_code.R,118,1.0,1,1.0,2 stands for significance to media psychology,,variables,elson_2020,A1.13,,no_match,0.0
A1.13,inference criteria,,,,pilot_paper/elson_2020/analysis_code.R,,,,,,,inference,elson_2020,A1.13,,no_match,0.0
A1.13,transformation,"""For each review, a total score was computed from the evaluation ratings (each worth 10%) and the recommendation rating (worth 50%).""",text,,pilot_paper/elson_2020/analysis_code.R,,,1,0.0,would need raw data from before the processing,,transform,elson_2020,A1.13,,no_match,0.0
A1.13,transformation,,,,pilot_paper/elson_2020/analysis_code.R,,,,,,,transform,elson_2020,A1.13,,no_match,0.0
A1.14,model specification,"""Zero-order correlations are reported in Table 3.""",table,"cor(datafile[,5:11])",pilot_paper/elson_2020/analysis_code.R,118,1.0,1,1.0,,,model,elson_2020,A1.14,14,exact,0.9
A1.14,variable specification,"""4. Sophistication of theory 3""",table,"cor(datafile[,5:11])",pilot_paper/elson_2020/analysis_code.R,118,1.0,1,1.0,,,variables,elson_2020,A1.14,14,exact,0.9
A1.14,variable specification,"""4. Sophistication of theory 3""",table,"cor(datafile[,5:11])",pilot_paper/elson_2020/analysis_code.R,118,1.0,1,1.0,3 = quality of writing,,variables,elson_2020,A1.14,14,exact,0.9
A1.14,inference criteria,,,,pilot_paper/elson_2020/analysis_code.R,,,,,,,inference,elson_2020,A1.14,14,exact,0.9
A1.14,transformation,,,,pilot_paper/elson_2020/analysis_code.R,,,,,,,transform,elson_2020,A1.14,14,exact,0.9
A1.14,transformation,,,,pilot_paper/elson_2020/analysis_code.R,,,,,,,transform,elson_2020,A1.14,14,exact,0.9
A1.15,model specification,"""Zero-order correlations are reported in Table 3.""",table,"cor(datafile[,5:11])",pilot_paper/elson_2020/analysis_code.R,118,1.0,1,1.0,,,model,elson_2020,A1.15,,no_match,0.0
A1.15,variable specification,"""5. Appropriateness of methods and design 3""",table,"cor(datafile[,5:11])",pilot_paper/elson_2020/analysis_code.R,118,1.0,1,1.0,,,variables,elson_2020,A1.15,,no_match,0.0
A1.15,variable specification,"""5. Appropriateness of methods and design 3""",table,"cor(datafile[,5:11])",pilot_paper/elson_2020/analysis_code.R,118,1.0,1,1.0,3 = quality of writing,,variables,elson_2020,A1.15,,no_match,0.0
A1.15,inference criteria,,,,pilot_paper/elson_2020/analysis_code.R,,,,,,,inference,elson_2020,A1.15,,no_match,0.0
A1.15,transformation,,,,pilot_paper/elson_2020/analysis_code.R,,,,,,,transform,elson_2020,A1.15,,no_match,0.0
A1.15,transformation,,,,pilot_paper/elson_2020/analysis_code.R,,,,,,,transform,elson_2020,A1.15,,no_match,0.0
A1.16,model specification,"""Zero-order correlations are reported in Table 3.""",table,"cor(datafile[,5:11])",pilot_paper/elson_2020/analysis_code.R,118,1.0,1,1.0,,,model,elson_2020,A1.16,,no_match,0.0
A1.16,variable specification,"""6. Presentation and discussion of results 3""",table,"cor(datafile[,5:11])",pilot_paper/elson_2020/analysis_code.R,118,1.0,1,1.0,,,variables,elson_2020,A1.16,,no_match,0.0
A1.16,variable specification,"""6. Presentation and discussion of results 3""",table,"cor(datafile[,5:11])",pilot_paper/elson_2020/analysis_code.R,118,1.0,1,1.0,3 = quality of writing,,variables,elson_2020,A1.16,,no_match,0.0
A1.16,inference criteria,,,,pilot_paper/elson_2020/analysis_code.R,,,,,,,inference,elson_2020,A1.16,,no_match,0.0
A1.16,transformation,,,,pilot_paper/elson_2020/analysis_code.R,,,,,,,transform,elson_2020,A1.16,,no_match,0.0
A1.16,transformation,,,,pilot_paper/elson_2020/analysis_code.R,,,,,,,transform,elson_2020,A1.16,,no_match,0.0
A1.17,model specification,"""Zero-order correlations are reported in Table 3.""",table,"cor(datafile[,5:11])",pilot_paper/elson_2020/analysis_code.R,118,1.0,1,1.0,,,model,elson_2020,A1.17,,no_match,0.0
A1.17,variable specification,"""7. Overall recommendations 3""",table,"cor(datafile[,5:11])",pilot_paper/elson_2020/analysis_code.R,118,1.0,1,1.0,,,variables,elson_2020,A1.17,,no_match,0.0
A1.17,variable specification,"""7. Overall recommendations 3""",table,"cor(datafile[,5:11])",pilot_paper/elson_2020/analysis_code.R,118,1.0,1,1.0,3 = quality of writing,,variables,elson_2020,A1.17,,no_match,0.0
A1.17,inference criteria,,,,pilot_paper/elson_2020/analysis_code.R,,,,,,,inference,elson_2020,A1.17,,no_match,0.0
A1.17,transformation,,,,pilot_paper/elson_2020/analysis_code.R,,,,,,,transform,elson_2020,A1.17,,no_match,0.0
A1.17,transformation,,,,pilot_paper/elson_2020/analysis_code.R,,,,,,,transform,elson_2020,A1.17,,no_match,0.0
A1.18,model specification,"""Zero-order correlations are reported in Table 3.""",table,"cor(datafile[,5:11])",pilot_paper/elson_2020/analysis_code.R,118,1.0,1,1.0,data about self-reports not in data file/code but shown in the table 3,,model,elson_2020,A1.18,,no_match,0.0
A1.18,variable specification,"""8. Total score 3""",table,"cor(datafile[,5:11])",pilot_paper/elson_2020/analysis_code.R,118,1.0,1,1.0,,,variables,elson_2020,A1.18,,no_match,0.0
A1.18,variable specification,"""8. Total score 3""",table,"cor(datafile[,5:11])",pilot_paper/elson_2020/analysis_code.R,118,1.0,1,1.0,3 = quality of writing,,variables,elson_2020,A1.18,,no_match,0.0
A1.18,inference criteria,,,,pilot_paper/elson_2020/analysis_code.R,,,,,,,inference,elson_2020,A1.18,,no_match,0.0
A1.18,transformation,"""For each review, a total score was computed from the evaluation ratings (each worth 10%) and the recommendation rating (worth 50%).""",text,,pilot_paper/elson_2020/analysis_code.R,,,1,0.0,would need raw data from before the processing,,transform,elson_2020,A1.18,,no_match,0.0
A1.18,transformation,,,,pilot_paper/elson_2020/analysis_code.R,,,1,0.0,,,transform,elson_2020,A1.18,,no_match,0.0
A1.19,model specification,"""Zero-order correlations are reported in Table 3.""",table,"cor(datafile[,5:11])",pilot_paper/elson_2020/analysis_code.R,118,1.0,1,1.0,,,model,elson_2020,A1.19,19,exact,0.9
A1.19,variable specification,"""5. Appropriateness of methods and design 4""",table,"cor(datafile[,5:11])",pilot_paper/elson_2020/analysis_code.R,118,1.0,1,1.0,,,variables,elson_2020,A1.19,19,exact,0.9
A1.19,variable specification,"""5. Appropriateness of methods and design 4""",table,"cor(datafile[,5:11])",pilot_paper/elson_2020/analysis_code.R,118,1.0,1,1.0,4 = sophistication of theory,,variables,elson_2020,A1.19,19,exact,0.9
A1.19,inference criteria,,,,pilot_paper/elson_2020/analysis_code.R,,,,,,,inference,elson_2020,A1.19,19,exact,0.9
A1.19,transformation,,,,pilot_paper/elson_2020/analysis_code.R,,,,,,,transform,elson_2020,A1.19,19,exact,0.9
A1.19,transformation,,,,pilot_paper/elson_2020/analysis_code.R,,,,,,,transform,elson_2020,A1.19,19,exact,0.9
A1.20,model specification,"""Zero-order correlations are reported in Table 3.""",table,"cor(datafile[,5:11])",pilot_paper/elson_2020/analysis_code.R,118,1.0,1,1.0,,,model,elson_2020,A1.20,16,exact,0.9
A1.20,variable specification,"""6. Presentation and discussion of results 4""",table,"cor(datafile[,5:11])",pilot_paper/elson_2020/analysis_code.R,118,1.0,1,1.0,,,variables,elson_2020,A1.20,16,exact,0.9
A1.20,variable specification,"""6. Presentation and discussion of results 4""",table,"cor(datafile[,5:11])",pilot_paper/elson_2020/analysis_code.R,118,1.0,1,1.0,4 = sophistication of theory,,variables,elson_2020,A1.20,16,exact,0.9
A1.20,inference criteria,,,,pilot_paper/elson_2020/analysis_code.R,,,,,,,inference,elson_2020,A1.20,16,exact,0.9
A1.20,transformation,,,,pilot_paper/elson_2020/analysis_code.R,,,,,,,transform,elson_2020,A1.20,16,exact,0.9
A1.20,transformation,,,,pilot_paper/elson_2020/analysis_code.R,,,,,,,transform,elson_2020,A1.20,16,exact,0.9
A1.21,model specification,"""Zero-order correlations are reported in Table 3.""",table,"cor(datafile[,5:11])",pilot_paper/elson_2020/analysis_code.R,118,1.0,1,1.0,,,model,elson_2020,A1.21,21,exact,0.9
A1.21,variable specification,"""7. Overall recommendation 4""",table,"cor(datafile[,5:11])",pilot_paper/elson_2020/analysis_code.R,118,1.0,1,1.0,,,variables,elson_2020,A1.21,21,exact,0.9
A1.21,variable specification,"""7. Overall recommendation 4""",table,"cor(datafile[,5:11])",pilot_paper/elson_2020/analysis_code.R,118,1.0,1,1.0,4 = sophistication of theory,,variables,elson_2020,A1.21,21,exact,0.9
A1.21,inference criteria,,,,pilot_paper/elson_2020/analysis_code.R,,,,,,,inference,elson_2020,A1.21,21,exact,0.9
A1.21,transformation,,,,pilot_paper/elson_2020/analysis_code.R,,,,,,,transform,elson_2020,A1.21,21,exact,0.9
A1.21,transformation,,,,pilot_paper/elson_2020/analysis_code.R,,,,,,,transform,elson_2020,A1.21,21,exact,0.9
A1.22,model specification,"""Zero-order correlations are reported in Table 3.""",table,"cor(datafile[,5:11])",pilot_paper/elson_2020/analysis_code.R,118,1.0,1,1.0,,,model,elson_2020,A1.22,,no_match,0.0
A1.22,variable specification,"""8. Total score 4""",table,"cor(datafile[,5:11])",pilot_paper/elson_2020/analysis_code.R,118,1.0,1,1.0,,,variables,elson_2020,A1.22,,no_match,0.0
A1.22,variable specification,"""8. Total score 4""",table,"cor(datafile[,5:11])",pilot_paper/elson_2020/analysis_code.R,118,1.0,1,1.0,4 = sophistication of theory,,variables,elson_2020,A1.22,,no_match,0.0
A1.22,inference criteria,,,,pilot_paper/elson_2020/analysis_code.R,,,,,,,inference,elson_2020,A1.22,,no_match,0.0
A1.22,transformation,"""For each review, a total score was computed from the evaluation ratings (each worth 10%) and the recommendation rating (worth 50%).""",text,,pilot_paper/elson_2020/analysis_code.R,,,1,0.0,would need raw data from before the processing,,transform,elson_2020,A1.22,,no_match,0.0
A1.22,transformation,,,,pilot_paper/elson_2020/analysis_code.R,,,,,,,transform,elson_2020,A1.22,,no_match,0.0
A1.23,model specification,"""Zero-order correlations are reported in Table 3.""",table,"cor(datafile[,5:11])",pilot_paper/elson_2020/analysis_code.R,118,1.0,1,1.0,,,model,elson_2020,A1.23,,no_match,0.0
A1.23,variable specification,"""6. Presentation and discussion of results 5""",table,"cor(datafile[,5:11])",pilot_paper/elson_2020/analysis_code.R,118,1.0,1,1.0,,,variables,elson_2020,A1.23,,no_match,0.0
A1.23,variable specification,"""6. Presentation and discussion of results 5""",table,"cor(datafile[,5:11])",pilot_paper/elson_2020/analysis_code.R,118,1.0,1,1.0,5 = appropriateness of methods and design,,variables,elson_2020,A1.23,,no_match,0.0
A1.23,inference criteria,,,,pilot_paper/elson_2020/analysis_code.R,,,,,,,inference,elson_2020,A1.23,,no_match,0.0
A1.23,transformation,,,,pilot_paper/elson_2020/analysis_code.R,,,,,,,transform,elson_2020,A1.23,,no_match,0.0
A1.23,transformation,,,,pilot_paper/elson_2020/analysis_code.R,,,,,,,transform,elson_2020,A1.23,,no_match,0.0
A1.24,model specification,"""Zero-order correlations are reported in Table 3.""",table,"cor(datafile[,5:11])",pilot_paper/elson_2020/analysis_code.R,118,1.0,1,1.0,,,model,elson_2020,A1.24,24,fragment_of,0.86
A1.24,variable specification,"""7. Overall recommendation 5""",table,"cor(datafile[,5:11])",pilot_paper/elson_2020/analysis_code.R,118,1.0,1,1.0,,,variables,elson_2020,A1.24,24,fragment_of,0.86
A1.24,variable specification,"""7. Overall recommendation 5""",table,"cor(datafile[,5:11])",pilot_paper/elson_2020/analysis_code.R,118,1.0,1,1.0,5 = appropriateness of methods and design,,variables,elson_2020,A1.24,24,fragment_of,0.86
A1.24,inference criteria,,,,pilot_paper/elson_2020/analysis_code.R,,,,,,,inference,elson_2020,A1.24,24,fragment_of,0.86
A1.24,transformation,,,,pilot_paper/elson_2020/analysis_code.R,,,,,,,transform,elson_2020,A1.24,24,fragment_of,0.86
A1.24,transformation,,,,pilot_paper/elson_2020/analysis_code.R,,,,,,,transform,elson_2020,A1.24,24,fragment_of,0.86
A1.25,model specification,"""Zero-order correlations are reported in Table 3.""",table,"cor(datafile[,5:11])",pilot_paper/elson_2020/analysis_code.R,118,1.0,1,1.0,,,model,elson_2020,A1.25,7,exact,0.96
A1.25,variable specification,"""8. Total score 5""",table,"cor(datafile[,5:11])",pilot_paper/elson_2020/analysis_code.R,118,1.0,1,1.0,,,variables,elson_2020,A1.25,7,exact,0.96
A1.25,variable specification,"""8. Total score 5""",table,"cor(datafile[,5:11])",pilot_paper/elson_2020/analysis_code.R,118,1.0,1,1.0,5 = appropriateness of methods and design,,variables,elson_2020,A1.25,7,exact,0.96
A1.25,inference criteria,,,,pilot_paper/elson_2020/analysis_code.R,,,,,,,inference,elson_2020,A1.25,7,exact,0.96
A1.25,transformation,"""For each review, a total score was computed from the evaluation ratings (each worth 10%) and the recommendation rating (worth 50%).""",text,,pilot_paper/elson_2020/analysis_code.R,,,1,0.0,would need raw data from before the processing,,transform,elson_2020,A1.25,7,exact,0.96
A1.25,transformation,,,,pilot_paper/elson_2020/analysis_code.R,,,,,,,transform,elson_2020,A1.25,7,exact,0.96
A1.26,model specification,"""Zero-order correlations are reported in Table 3.""",table,"cor(datafile[,5:11])",pilot_paper/elson_2020/analysis_code.R,118,1.0,1,1.0,,,model,elson_2020,A1.26,17,exact,0.9
A1.26,variable specification,"""7. Overall recommendation 6""",table,"cor(datafile[,5:11])",pilot_paper/elson_2020/analysis_code.R,118,1.0,1,1.0,,,variables,elson_2020,A1.26,17,exact,0.9
A1.26,variable specification,"""7. Overall recommendation 6""",table,"cor(datafile[,5:11])",pilot_paper/elson_2020/analysis_code.R,118,1.0,1,1.0,6 = presentation and discussion of results,,variables,elson_2020,A1.26,17,exact,0.9
A1.26,inference criteria,,,,pilot_paper/elson_2020/analysis_code.R,,,,,,,inference,elson_2020,A1.26,17,exact,0.9
A1.26,transformation,,,,pilot_paper/elson_2020/analysis_code.R,,,,,,,transform,elson_2020,A1.26,17,exact,0.9
A1.26,transformation,,,,pilot_paper/elson_2020/analysis_code.R,,,,,,,transform,elson_2020,A1.26,17,exact,0.9
A1.27,model specification,"""Zero-order correlations are reported in Table 3.""",table,"cor(datafile[,5:11])",pilot_paper/elson_2020/analysis_code.R,118,1.0,1,1.0,,,model,elson_2020,A1.27,,no_match,0.0
A1.27,variable specification,"""8. Total score 6""",table,"cor(datafile[,5:11])",pilot_paper/elson_2020/analysis_code.R,118,1.0,1,1.0,,,variables,elson_2020,A1.27,,no_match,0.0
A1.27,variable specification,"""8. Total score 6""",table,"cor(datafile[,5:11])",pilot_paper/elson_2020/analysis_code.R,118,1.0,1,1.0,6 = presentation and discussion of results,,variables,elson_2020,A1.27,,no_match,0.0
A1.27,inference criteria,,,,pilot_paper/elson_2020/analysis_code.R,,,,,,,inference,elson_2020,A1.27,,no_match,0.0
A1.27,transformation,"""For each review, a total score was computed from the evaluation ratings (each worth 10%) and the recommendation rating (worth 50%).""",text,,pilot_paper/elson_2020/analysis_code.R,,,1,0.0,would need raw data from before the processing,,transform,elson_2020,A1.27,,no_match,0.0
A1.27,transformation,,,,pilot_paper/elson_2020/analysis_code.R,,,,,would need raw data from before the processing,,transform,elson_2020,A1.27,,no_match,0.0
A1.28,model specification,"""Zero-order correlations are reported in Table 3.""",table,"cor(datafile[,5:11])",pilot_paper/elson_2020/analysis_code.R,118,1.0,1,1.0,,,model,elson_2020,A1.28,,no_match,0.0
A1.28,variable specification,"""8. Total score 7""",table,"cor(datafile[,5:11])",pilot_paper/elson_2020/analysis_code.R,118,1.0,1,1.0,,,variables,elson_2020,A1.28,,no_match,0.0
A1.28,variable specification,"""8. Total score 7""",table,"cor(datafile[,5:11])",pilot_paper/elson_2020/analysis_code.R,118,1.0,1,1.0,7 = overall recommendation,,variables,elson_2020,A1.28,,no_match,0.0
A1.28,inference criteria,,,,pilot_paper/elson_2020/analysis_code.R,,,,,,,inference,elson_2020,A1.28,,no_match,0.0
A1.28,transformation,"""For each review, a total score was computed from the evaluation ratings (each worth 10%) and the recommendation rating (worth 50%).""",text,,pilot_paper/elson_2020/analysis_code.R,,,1,0.0,would need raw data from before the processing,,transform,elson_2020,A1.28,,no_match,0.0
A1.28,transformation,,,,pilot_paper/elson_2020/analysis_code.R,,,,,,,transform,elson_2020,A1.28,,no_match,0.0
A2.1,model specification,ANOVA output for significance to media psychology,table,"a_significance <- aov(
  r_mediapsych ~ as.factor(c_originality) * as.factor(c_significance),
  data = datafile
)
anova_stats(a_significance)",pilot_paper/elson_2020/analysis_code.R,125-129,1.0,0,1.0,,,model,elson_2020,A2.1,30,exact,0.9
A2.1,variable specification,"""we manipulated the originality and statistical segnificance of the research""",text,"a_significance <- aov(
  r_mediapsych ~ as.factor(c_originality) * as.factor(c_significance),
  data = datafile
)
anova_stats(a_significance)",pilot_paper/elson_2020/analysis_code.R,125-129,1.0,0,1.0,,,variables,elson_2020,A2.1,30,exact,0.9
A2.1,transformation,,,,pilot_paper/elson_2020/analysis_code.R,,,,,,,transform,elson_2020,A2.1,30,exact,0.9
A2.1,variable specification,"""we manipulated the originality and statistical segnificance of the research""",text,"a_significance <- aov(
  r_mediapsych ~ as.factor(c_originality) * as.factor(c_significance),
  data = datafile
)
anova_stats(a_significance)",pilot_paper/elson_2020/analysis_code.R,125-129,1.0,0,1.0,,,variables,elson_2020,A2.1,30,exact,0.9
A2.1,transformation,,,,pilot_paper/elson_2020/analysis_code.R,,,,,,,transform,elson_2020,A2.1,30,exact,0.9
A2.1,variable specification,ANOVA output for significance to media psychology,text,"a_significance <- aov(
  r_mediapsych ~ as.factor(c_originality) * as.factor(c_significance),
  data = datafile
)
anova_stats(a_significance)",pilot_paper/elson_2020/analysis_code.R,125-129,1.0,0,1.0,,,variables,elson_2020,A2.1,30,exact,0.9
A2.1,transformation,,,,pilot_paper/elson_2020/analysis_code.R,,,,,,,transform,elson_2020,A2.1,30,exact,0.9
A2.1,inference criteria,,,,pilot_paper/elson_2020/analysis_code.R,,,,,,,inference,elson_2020,A2.1,30,exact,0.9
A2.2,model specification,ANOVA output for quality of writing,table,"a_writing <- aov(
  r_writing ~ as.factor(c_originality) * as.factor(c_significance),
  data = datafile
)
anova_stats(a_writing)",pilot_paper/elson_2020/analysis_code.R,132-136,1.0,0,1.0,,,model,elson_2020,A2.2,34,exact,0.9
A2.2,variable specification,"""we manipulated the originality and statistical segnificance of the research""",text,"a_significance <- aov(
  r_mediapsych ~ as.factor(c_originality) * as.factor(c_significance),
  data = datafile
)
anova_stats(a_significance)",pilot_paper/elson_2020/analysis_code.R,125-129,1.0,0,1.0,,,variables,elson_2020,A2.2,34,exact,0.9
A2.2,transformation,,,,pilot_paper/elson_2020/analysis_code.R,,,,,,,transform,elson_2020,A2.2,34,exact,0.9
A2.2,variable specification,"""we manipulated the originality and statistical segnificance of the research""",text,"a_significance <- aov(
  r_mediapsych ~ as.factor(c_originality) * as.factor(c_significance),
  data = datafile
)
anova_stats(a_significance)",pilot_paper/elson_2020/analysis_code.R,125-129,1.0,0,1.0,,,variables,elson_2020,A2.2,34,exact,0.9
A2.2,transformation,,,,pilot_paper/elson_2020/analysis_code.R,,,,,,,transform,elson_2020,A2.2,34,exact,0.9
A2.2,variable specification,ANOVA output for quality of writing,text,"a_significance <- aov(
  r_mediapsych ~ as.factor(c_originality) * as.factor(c_significance),
  data = datafile
)
anova_stats(a_significance)",pilot_paper/elson_2020/analysis_code.R,125-129,1.0,0,1.0,,,variables,elson_2020,A2.2,34,exact,0.9
A2.2,transformation,,,,pilot_paper/elson_2020/analysis_code.R,,,,,,,transform,elson_2020,A2.2,34,exact,0.9
A2.2,inference criteria,,,,pilot_paper/elson_2020/analysis_code.R,,,,,,,inference,elson_2020,A2.2,34,exact,0.9
A2.3,model specification,ANOVA output for significance to media psychology sophistication of theory,table,"a_sophistication <- aov(
  r_sophistication ~ as.factor(c_originality) * as.factor(c_significance),
  data = datafile
)
anova_stats(a_sophistication)",pilot_paper/elson_2020/analysis_code.R,138-142,1.0,0,1.0,,,model,elson_2020,A2.3,37,exact,0.9
A2.3,variable specification,"""we manipulated the originality and statistical segnificance of the research""",text,"a_significance <- aov(
  r_mediapsych ~ as.factor(c_originality) * as.factor(c_significance),
  data = datafile
)
anova_stats(a_significance)",pilot_paper/elson_2020/analysis_code.R,125-129,1.0,0,1.0,,,variables,elson_2020,A2.3,37,exact,0.9
A2.3,transformation,,,,pilot_paper/elson_2020/analysis_code.R,,,,,,,transform,elson_2020,A2.3,37,exact,0.9
A2.3,variable specification,"""we manipulated the originality and statistical segnificance of the research""",text,"a_significance <- aov(
  r_mediapsych ~ as.factor(c_originality) * as.factor(c_significance),
  data = datafile
)
anova_stats(a_significance)",pilot_paper/elson_2020/analysis_code.R,125-129,1.0,0,1.0,,,variables,elson_2020,A2.3,37,exact,0.9
A2.3,transformation,,,,pilot_paper/elson_2020/analysis_code.R,,,,,,,transform,elson_2020,A2.3,37,exact,0.9
A2.3,variable specification,ANOVA output for significance to media psychology sophistication of theory,text,"a_significance <- aov(
  r_mediapsych ~ as.factor(c_originality) * as.factor(c_significance),
  data = datafile
)
anova_stats(a_significance)",pilot_paper/elson_2020/analysis_code.R,125-129,1.0,0,1.0,,,variables,elson_2020,A2.3,37,exact,0.9
A2.3,transformation,,,,pilot_paper/elson_2020/analysis_code.R,,,,,,,transform,elson_2020,A2.3,37,exact,0.9
A2.3,inference criteria,,,,pilot_paper/elson_2020/analysis_code.R,,,,,,,inference,elson_2020,A2.3,37,exact,0.9
A2.4,model specification,ANOVA output for  appropriateness of methosd and design,table,"a_methods <- aov(
  r_methods ~ as.factor(c_originality) * as.factor(c_significance),
  data = datafile
)
anova_stats(a_methods)",pilot_paper/elson_2020/analysis_code.R,144-148,1.0,0,1.0,,,model,elson_2020,A2.4,38,exact,0.9
A2.4,variable specification,"""we manipulated the originality and statistical segnificance of the research""",text,"a_significance <- aov(
  r_mediapsych ~ as.factor(c_originality) * as.factor(c_significance),
  data = datafile
)
anova_stats(a_significance)",pilot_paper/elson_2020/analysis_code.R,125-129,1.0,0,1.0,,,variables,elson_2020,A2.4,38,exact,0.9
A2.4,transformation,,,,pilot_paper/elson_2020/analysis_code.R,,,,,,,transform,elson_2020,A2.4,38,exact,0.9
A2.4,variable specification,"""we manipulated the originality and statistical segnificance of the research""",text,"a_significance <- aov(
  r_mediapsych ~ as.factor(c_originality) * as.factor(c_significance),
  data = datafile
)
anova_stats(a_significance)",pilot_paper/elson_2020/analysis_code.R,125-129,1.0,0,1.0,,,variables,elson_2020,A2.4,38,exact,0.9
A2.4,transformation,,,,pilot_paper/elson_2020/analysis_code.R,,,,,,,transform,elson_2020,A2.4,38,exact,0.9
A2.4,variable specification,"""we manipulated the originality and statistical segnificance of the research""",text,"a_significance <- aov(
  r_mediapsych ~ as.factor(c_originality) * as.factor(c_significance),
  data = datafile
)
anova_stats(a_significance)",pilot_paper/elson_2020/analysis_code.R,125-129,1.0,0,1.0,,,variables,elson_2020,A2.4,38,exact,0.9
A2.4,transformation,,,,pilot_paper/elson_2020/analysis_code.R,,,,,,,transform,elson_2020,A2.4,38,exact,0.9
A2.4,inference criteria,,,,pilot_paper/elson_2020/analysis_code.R,,,,,,,inference,elson_2020,A2.4,38,exact,0.9
A2.5,model specification,ANOVA output for  presentation and discussion of results,table,"a_presentation <- aov(
  r_presentation ~ as.factor(c_originality) * as.factor(c_significance),
  data = datafile
)
anova_stats(a_presentation)",pilot_paper/elson_2020/analysis_code.R,150-154,1.0,0,1.0,,,model,elson_2020,A2.5,43,covers_multiple,0.86
A2.5,variable specification,"""we manipulated the originality and statistical segnificance of the research""",text,"a_significance <- aov(
  r_mediapsych ~ as.factor(c_originality) * as.factor(c_significance),
  data = datafile
)
anova_stats(a_significance)",pilot_paper/elson_2020/analysis_code.R,125-129,1.0,0,1.0,,,variables,elson_2020,A2.5,43,covers_multiple,0.86
A2.5,transformation,,,,pilot_paper/elson_2020/analysis_code.R,,,,,,,transform,elson_2020,A2.5,43,covers_multiple,0.86
A2.5,variable specification,"""we manipulated the originality and statistical segnificance of the research""",text,"a_significance <- aov(
  r_mediapsych ~ as.factor(c_originality) * as.factor(c_significance),
  data = datafile
)
anova_stats(a_significance)",pilot_paper/elson_2020/analysis_code.R,125-129,1.0,0,1.0,,,variables,elson_2020,A2.5,43,covers_multiple,0.86
A2.5,transformation,,,,pilot_paper/elson_2020/analysis_code.R,,,,,,,transform,elson_2020,A2.5,43,covers_multiple,0.86
A2.5,variable specification,"""we manipulated the originality and statistical segnificance of the research""",text,"a_significance <- aov(
  r_mediapsych ~ as.factor(c_originality) * as.factor(c_significance),
  data = datafile
)
anova_stats(a_significance)",pilot_paper/elson_2020/analysis_code.R,125-129,1.0,0,1.0,,,variables,elson_2020,A2.5,43,covers_multiple,0.86
A2.5,transformation,,,,pilot_paper/elson_2020/analysis_code.R,,,,,,,transform,elson_2020,A2.5,43,covers_multiple,0.86
A2.5,inference criteria,,,,pilot_paper/elson_2020/analysis_code.R,,,,,,,inference,elson_2020,A2.5,43,covers_multiple,0.86
A2.6,model specification,ANOVA output for overall recommendation,table,"a_overall <- aov(
  r_overall ~ as.factor(c_originality) * as.factor(c_significance),
  data = datafile
)
anova_stats(a_overall)",pilot_paper/elson_2020/analysis_code.R,156-160,1.0,0,1.0,,,model,elson_2020,A2.6,46,exact,0.93
A2.6,variable specification,"""we manipulated the originality and statistical segnificance of the research""",text,"a_significance <- aov(
  r_mediapsych ~ as.factor(c_originality) * as.factor(c_significance),
  data = datafile
)
anova_stats(a_significance)",pilot_paper/elson_2020/analysis_code.R,125-129,1.0,0,1.0,,,variables,elson_2020,A2.6,46,exact,0.93
A2.6,transformation,,,,pilot_paper/elson_2020/analysis_code.R,,,,,,,transform,elson_2020,A2.6,46,exact,0.93
A2.6,variable specification,"""we manipulated the originality and statistical segnificance of the research""",text,"a_significance <- aov(
  r_mediapsych ~ as.factor(c_originality) * as.factor(c_significance),
  data = datafile
)
anova_stats(a_significance)",pilot_paper/elson_2020/analysis_code.R,125-129,1.0,0,1.0,,,variables,elson_2020,A2.6,46,exact,0.93
A2.6,transformation,,,,pilot_paper/elson_2020/analysis_code.R,,,,,,,transform,elson_2020,A2.6,46,exact,0.93
A2.6,variable specification,"""we manipulated the originality and statistical segnificance of the research""",text,"a_significance <- aov(
  r_mediapsych ~ as.factor(c_originality) * as.factor(c_significance),
  data = datafile
)
anova_stats(a_significance)",pilot_paper/elson_2020/analysis_code.R,125-129,1.0,0,1.0,,,variables,elson_2020,A2.6,46,exact,0.93
A2.6,transformation,,,,pilot_paper/elson_2020/analysis_code.R,,,,,,,transform,elson_2020,A2.6,46,exact,0.93
A2.6,inference criteria,"""Given the number of tests, there was an inflated probability of false positives for a default criterion of Cronbach’s α = .05. """,text,,pilot_paper/elson_2020/analysis_code.R,,,0,1.0,,,inference,elson_2020,A2.6,46,exact,0.93
A2.7,model specification,ANOVA output for total score,table,"a_total <- aov(
  r_total ~ as.factor(c_originality) * as.factor(c_significance),
  data = datafile
)
anova_stats(a_total)",pilot_paper/elson_2020/analysis_code.R,162-164,1.0,0,1.0,,,model,elson_2020,A2.7,49,exact,0.9
A2.7,variable specification,"""we manipulated the originality and statistical segnificance of the research""",text,"a_significance <- aov(
  r_mediapsych ~ as.factor(c_originality) * as.factor(c_significance),
  data = datafile
)
anova_stats(a_significance)",pilot_paper/elson_2020/analysis_code.R,125-129,1.0,0,1.0,,,variables,elson_2020,A2.7,49,exact,0.9
A2.7,transformation,,,,pilot_paper/elson_2020/analysis_code.R,,,,,,,transform,elson_2020,A2.7,49,exact,0.9
A2.7,variable specification,"""we manipulated the originality and statistical segnificance of the research""",text,"a_significance <- aov(
  r_mediapsych ~ as.factor(c_originality) * as.factor(c_significance),
  data = datafile
)
anova_stats(a_significance)",pilot_paper/elson_2020/analysis_code.R,125-129,1.0,0,1.0,,,variables,elson_2020,A2.7,49,exact,0.9
A2.7,transformation,,,,pilot_paper/elson_2020/analysis_code.R,,,,,,,transform,elson_2020,A2.7,49,exact,0.9
A2.7,variable specification,"""we manipulated the originality and statistical segnificance of the research""",text,"a_significance <- aov(
  r_mediapsych ~ as.factor(c_originality) * as.factor(c_significance),
  data = datafile
)
anova_stats(a_significance)",pilot_paper/elson_2020/analysis_code.R,125-129,1.0,0,1.0,,,variables,elson_2020,A2.7,49,exact,0.9
A2.7,transformation,"""For each review, a total score was computed from the evaluation ratings (each worth 10%) and the recommendation rating (worth 50%).""",text,,pilot_paper/elson_2020/analysis_code.R,,,1,0.0,would need raw data from before the processing,,transform,elson_2020,A2.7,49,exact,0.9
A2.7,inference criteria,,,,pilot_paper/elson_2020/analysis_code.R,,,0,1.0,,,inference,elson_2020,A2.7,49,exact,0.9
A3.1,model specification,"""Therefore, for all main effects, we conducted two-tailed equivalence tests with lower and upper bounds of Cohen’s d = −0.50 and +0.50 (which corresponded to our sensitivity analysis at 80% power)""",text,"TOSTtwo(m1=equiv_array[1,1], m2=equiv_array[2,1], sd1=equiv_array[1,2], sd2=equiv_array[2,2], n1=n_orig, n2=n_rep, low_eqbound_d=-0.5, high_eqbound_d=0.5, alpha = 0.05)",pilot_paper/elson_2020/analysis_code.R,238,1.0,1,1.0,,,model,elson_2020,A3.1,51,exact,0.9
A3.1,variable specification,"Segnificance to media psychology, original study vs. replication",table,"TOSTtwo(m1=equiv_array[1,1], m2=equiv_array[2,1], sd1=equiv_array[1,2], sd2=equiv_array[2,2], n1=n_orig, n2=n_rep, low_eqbound_d=-0.5, high_eqbound_d=0.5, alpha = 0.05)",pilot_paper/elson_2020/analysis_code.R,"237, 238",1.0,1,1.0,,,variables,elson_2020,A3.1,51,exact,0.9
A3.1,transformation,,,,pilot_paper/elson_2020/analysis_code.R,,,,,,,transform,elson_2020,A3.1,51,exact,0.9
A3.1,variable specification,"Segnificance to media psychology, original study vs. replication",table,"TOSTtwo(m1=equiv_array[1,1], m2=equiv_array[2,1], sd1=equiv_array[1,2], sd2=equiv_array[2,2], n1=n_orig, n2=n_rep, low_eqbound_d=-0.5, high_eqbound_d=0.5, alpha = 0.05)",pilot_paper/elson_2020/analysis_code.R,"237, 238",1.0,1,1.0,,,variables,elson_2020,A3.1,51,exact,0.9
A3.1,transformation,,,,pilot_paper/elson_2020/analysis_code.R,,,,,,,transform,elson_2020,A3.1,51,exact,0.9
A3.1,variable specification,"Segnificance to media psychology, original study vs. replication",table,"TOSTtwo(m1=equiv_array[1,1], m2=equiv_array[2,1], sd1=equiv_array[1,2], sd2=equiv_array[2,2], n1=n_orig, n2=n_rep, low_eqbound_d=-0.5, high_eqbound_d=0.5, alpha = 0.05)",pilot_paper/elson_2020/analysis_code.R,"237, 238",1.0,1,1.0,,,variables,elson_2020,A3.1,51,exact,0.9
A3.1,transformation,,,,pilot_paper/elson_2020/analysis_code.R,,,,,,,transform,elson_2020,A3.1,51,exact,0.9
A3.1,inference criteria,"""and α = .05 (see Table 5)""",text,"TOSTtwo(m1=equiv_array[1,1], m2=equiv_array[2,1], sd1=equiv_array[1,2], sd2=equiv_array[2,2], n1=n_orig, n2=n_rep, low_eqbound_d=-0.5, high_eqbound_d=0.5, alpha = 0.05)",pilot_paper/elson_2020/analysis_code.R,238,1.0,0,1.0,,,inference,elson_2020,A3.1,51,exact,0.9
A3.2,model specification,"""Therefore, for all main effects, we conducted two-tailed equivalence tests, with lower and upper bounds of Cohen’s d = −0.50 and +0.50 (which corresponded to our sensitivity analysis at 80% power)"" ",text,"TOSTtwo(m1=equiv_array[3,1], m2=equiv_array[4,1], sd1=equiv_array[3,2], sd2=equiv_array[4,2], n1=n_sig, n2=n_nonsig, low_eqbound_d=-0.5, high_eqbound_d=0.5, alpha = 0.05)",pilot_paper/elson_2020/analysis_code.R,239,1.0,1,1.0,,,model,elson_2020,A3.2,,no_match,0.0
A3.2,variable specification,"Segnificance to media psychology, significant vs. nonsignificant results",table,"#Significance to Media Psychology
TOSTtwo(m1=equiv_array[3,1], m2=equiv_array[4,1], sd1=equiv_array[3,2], sd2=equiv_array[4,2], n1=n_sig, n2=n_nonsig, low_eqbound_d=-0.5, high_eqbound_d=0.5, alpha = 0.05)",pilot_paper/elson_2020/analysis_code.R,"237, 239",1.0,1,1.0,,,variables,elson_2020,A3.2,,no_match,0.0
A3.2,transformation,,,,pilot_paper/elson_2020/analysis_code.R,,,,,,,transform,elson_2020,A3.2,,no_match,0.0
A3.2,variable specification,"Segnificance to media psychology, significant vs. nonsignificant results",table,"#Significance to Media Psychology
TOSTtwo(m1=equiv_array[3,1], m2=equiv_array[4,1], sd1=equiv_array[3,2], sd2=equiv_array[4,2], n1=n_sig, n2=n_nonsig, low_eqbound_d=-0.5, high_eqbound_d=0.5, alpha = 0.05)",pilot_paper/elson_2020/analysis_code.R,"237, 239",1.0,1,1.0,,,variables,elson_2020,A3.2,,no_match,0.0
A3.2,transformation,,,,pilot_paper/elson_2020/analysis_code.R,,,,,,,transform,elson_2020,A3.2,,no_match,0.0
A3.2,variable specification,"Segnificance to media psychology, significant vs. nonsignificant results",table,"#Significance to Media Psychology
TOSTtwo(m1=equiv_array[3,1], m2=equiv_array[4,1], sd1=equiv_array[3,2], sd2=equiv_array[4,2], n1=n_sig, n2=n_nonsig, low_eqbound_d=-0.5, high_eqbound_d=0.5, alpha = 0.05)",pilot_paper/elson_2020/analysis_code.R,"237, 239",1.0,1,1.0,,,variables,elson_2020,A3.2,,no_match,0.0
A3.2,transformation,,,,pilot_paper/elson_2020/analysis_code.R,,,,,,,transform,elson_2020,A3.2,,no_match,0.0
A3.2,inference criteria,"""and α = .05 (see Table 5)""",text,"TOSTtwo(m1=equiv_array[3,1], m2=equiv_array[4,1], sd1=equiv_array[3,2], sd2=equiv_array[4,2], n1=n_sig, n2=n_nonsig, low_eqbound_d=-0.5, high_eqbound_d=0.5, alpha = 0.05)",pilot_paper/elson_2020/analysis_code.R,239,1.0,0,1.0,,,inference,elson_2020,A3.2,,no_match,0.0
A3.3,model specification,"""Therefore, for all main effects, we conducted two-tailed equivalence tests with lower and upper bounds of Cohen’s d = −0.50 and +0.50 (which corresponded to our sensitivity analysis at 80% power)""",text,"TOSTtwo(m1=equiv_array[1,3], m2=equiv_array[2,3], sd1=equiv_array[1,4], sd2=equiv_array[2,4], n1=n_orig, n2=n_rep, low_eqbound_d=-0.5, high_eqbound_d=0.5, alpha = 0.05)",pilot_paper/elson_2020/analysis_code.R,242,1.0,1,1.0,,,model,elson_2020,A3.3,22,fragment_of,0.86
A3.3,variable specification,"quality of writing, original study vs. replication",table,"#Quality of Writing
TOSTtwo(m1=equiv_array[1,3], m2=equiv_array[2,3], sd1=equiv_array[1,4], sd2=equiv_array[2,4], n1=n_orig, n2=n_rep, low_eqbound_d=-0.5, high_eqbound_d=0.5, alpha = 0.05)",pilot_paper/elson_2020/analysis_code.R,"241, 242",1.0,1,1.0,,,variables,elson_2020,A3.3,22,fragment_of,0.86
A3.3,transformation,,,,pilot_paper/elson_2020/analysis_code.R,,,,,,,transform,elson_2020,A3.3,22,fragment_of,0.86
A3.3,variable specification,"quality of writing, original study vs. replication",table,"#Quality of Writing
TOSTtwo(m1=equiv_array[1,3], m2=equiv_array[2,3], sd1=equiv_array[1,4], sd2=equiv_array[2,4], n1=n_orig, n2=n_rep, low_eqbound_d=-0.5, high_eqbound_d=0.5, alpha = 0.05)",pilot_paper/elson_2020/analysis_code.R,"241, 242",1.0,1,1.0,,,variables,elson_2020,A3.3,22,fragment_of,0.86
A3.3,transformation,,,,pilot_paper/elson_2020/analysis_code.R,,,,,,,transform,elson_2020,A3.3,22,fragment_of,0.86
A3.3,variable specification,"quality of writing, original study vs. replication",table,"#Quality of Writing
TOSTtwo(m1=equiv_array[1,3], m2=equiv_array[2,3], sd1=equiv_array[1,4], sd2=equiv_array[2,4], n1=n_orig, n2=n_rep, low_eqbound_d=-0.5, high_eqbound_d=0.5, alpha = 0.05)",pilot_paper/elson_2020/analysis_code.R,"241, 242",1.0,1,1.0,,,variables,elson_2020,A3.3,22,fragment_of,0.86
A3.3,transformation,,,,pilot_paper/elson_2020/analysis_code.R,,,,,,,transform,elson_2020,A3.3,22,fragment_of,0.86
A3.3,inference criteria,"""and α = .05 (see Table 5)""",text,"TOSTtwo(m1=equiv_array[1,3], m2=equiv_array[2,3], sd1=equiv_array[1,4], sd2=equiv_array[2,4], n1=n_orig, n2=n_rep, low_eqbound_d=-0.5, high_eqbound_d=0.5, alpha = 0.05)",pilot_paper/elson_2020/analysis_code.R,242,1.0,0,1.0,,,inference,elson_2020,A3.3,22,fragment_of,0.86
A3.4,model specification,"""Therefore, for all main effects, we conducted two-tailed equivalence tests with lower and upper bounds of Cohen’s d = −0.50 and +0.50 (which corresponded to our sensitivity analysis at 80% power)""",text,"TOSTtwo(m1=equiv_array[3,3], m2=equiv_array[4,3], sd1=equiv_array[3,4], sd2=equiv_array[4,4], n1=n_sig, n2=n_nonsig, low_eqbound_d=-0.5, high_eqbound_d=0.5, alpha = 0.05)",pilot_paper/elson_2020/analysis_code.R,243,1.0,1,1.0,,,model,elson_2020,A3.4,,no_match,0.0
A3.4,variable specification,"quality of writing, significant vs. nonsignificant results",table,"#Quality of Writing TOSTtwo(m1=equiv_array[3,3], m2=equiv_array[4,3], sd1=equiv_array[3,4], sd2=equiv_array[4,4], n1=n_sig, n2=n_nonsig, low_eqbound_d=-0.5, high_eqbound_d=0.5, alpha = 0.05)",pilot_paper/elson_2020/analysis_code.R,241.243,1.0,1,1.0,,,variables,elson_2020,A3.4,,no_match,0.0
A3.4,transformation,,,,pilot_paper/elson_2020/analysis_code.R,,,,,,,transform,elson_2020,A3.4,,no_match,0.0
A3.4,variable specification,"quality of writing, significant vs. nonsignificant results",table,"#Quality of Writing TOSTtwo(m1=equiv_array[3,3], m2=equiv_array[4,3], sd1=equiv_array[3,4], sd2=equiv_array[4,4], n1=n_sig, n2=n_nonsig, low_eqbound_d=-0.5, high_eqbound_d=0.5, alpha = 0.05)",pilot_paper/elson_2020/analysis_code.R,241.243,1.0,1,1.0,,,variables,elson_2020,A3.4,,no_match,0.0
A3.4,transformation,,,,pilot_paper/elson_2020/analysis_code.R,,,,,,,transform,elson_2020,A3.4,,no_match,0.0
A3.4,variable specification,"quality of writing, significant vs. nonsignificant results",table,"#Quality of Writing TOSTtwo(m1=equiv_array[3,3], m2=equiv_array[4,3], sd1=equiv_array[3,4], sd2=equiv_array[4,4], n1=n_sig, n2=n_nonsig, low_eqbound_d=-0.5, high_eqbound_d=0.5, alpha = 0.05)",pilot_paper/elson_2020/analysis_code.R,241.243,1.0,1,1.0,,,variables,elson_2020,A3.4,,no_match,0.0
A3.4,transformation,,,,pilot_paper/elson_2020/analysis_code.R,,,,,,,transform,elson_2020,A3.4,,no_match,0.0
A3.4,inference criteria,"""and α = .05 (see Table 5)""",text,"TOSTtwo(m1=equiv_array[3,3], m2=equiv_array[4,3], sd1=equiv_array[3,4], sd2=equiv_array[4,4], n1=n_sig, n2=n_nonsig, low_eqbound_d=-0.5, high_eqbound_d=0.5, alpha = 0.05)",pilot_paper/elson_2020/analysis_code.R,243,1.0,0,1.0,,,inference,elson_2020,A3.4,,no_match,0.0
A3.5,model specification,"""Therefore, for all main effects, we conducted two-tailed equivalence tests with lower and upper bounds of Cohen’s d = −0.50 and +0.50 (which corresponded to our sensitivity analysis at 80% power)""",text,"TOSTtwo(m1=equiv_array[1,5], m2=equiv_array[2,5], sd1=equiv_array[1,6], sd2=equiv_array[2,6], n1=n_orig, n2=n_rep, low_eqbound_d=-0.5, high_eqbound_d=0.5, alpha = 0.05)",pilot_paper/elson_2020/analysis_code.R,246,1.0,1,1.0,,,model,elson_2020,A3.5,54,exact,0.9
A3.5,variable specification,"sophistication of theory/conceptualization, original study vs. replication",table,"#Sophistication of Theory/Conceptualization TOSTtwo(m1=equiv_array[1,5], m2=equiv_array[2,5], sd1=equiv_array[1,6], sd2=equiv_array[2,6], n1=n_orig, n2=n_rep, low_eqbound_d=-0.5, high_eqbound_d=0.5, alpha = 0.05)",pilot_paper/elson_2020/analysis_code.R,"245, 246",1.0,1,1.0,,,variables,elson_2020,A3.5,54,exact,0.9
A3.5,transformation,,,,pilot_paper/elson_2020/analysis_code.R,,,,,,,transform,elson_2020,A3.5,54,exact,0.9
A3.5,variable specification,"sophistication of theory/conceptualization, original study vs. replication",table,"#Sophistication of Theory/Conceptualization TOSTtwo(m1=equiv_array[1,5], m2=equiv_array[2,5], sd1=equiv_array[1,6], sd2=equiv_array[2,6], n1=n_orig, n2=n_rep, low_eqbound_d=-0.5, high_eqbound_d=0.5, alpha = 0.05)",pilot_paper/elson_2020/analysis_code.R,"245, 246",1.0,1,1.0,,,variables,elson_2020,A3.5,54,exact,0.9
A3.5,transformation,,,,pilot_paper/elson_2020/analysis_code.R,,,,,,,transform,elson_2020,A3.5,54,exact,0.9
A3.5,variable specification,"sophistication of theory/conceptualization, original study vs. replication",table,"#Sophistication of Theory/Conceptualization TOSTtwo(m1=equiv_array[1,5], m2=equiv_array[2,5], sd1=equiv_array[1,6], sd2=equiv_array[2,6], n1=n_orig, n2=n_rep, low_eqbound_d=-0.5, high_eqbound_d=0.5, alpha = 0.05)",pilot_paper/elson_2020/analysis_code.R,"245, 246",1.0,1,1.0,,,variables,elson_2020,A3.5,54,exact,0.9
A3.5,transformation,,,,pilot_paper/elson_2020/analysis_code.R,,,,,,,transform,elson_2020,A3.5,54,exact,0.9
A3.5,inference criteria,"""and α = .05 (see Table 5)""",text,"TOSTtwo(m1=equiv_array[1,5], m2=equiv_array[2,5], sd1=equiv_array[1,6], sd2=equiv_array[2,6], n1=n_orig, n2=n_rep, low_eqbound_d=-0.5, high_eqbound_d=0.5, alpha = 0.05)",pilot_paper/elson_2020/analysis_code.R,246,1.0,0,1.0,,,inference,elson_2020,A3.5,54,exact,0.9
A3.6,model specification,"""Therefore, for all main effects, we conducted two-tailed equivalence tests with lower and upper bounds of Cohen’s d = −0.50 and +0.50 (which corresponded to our sensitivity analysis at 80% power)""",text,"TOSTtwo(m1=equiv_array[3,5], m2=equiv_array[4,5], sd1=equiv_array[3,6], sd2=equiv_array[4,6], n1=n_sig, n2=n_nonsig, low_eqbound_d=-0.5, high_eqbound_d=0.5, alpha = 0.05)",pilot_paper/elson_2020/analysis_code.R,247,1.0,1,1.0,,,model,elson_2020,A3.6,55,exact,0.93
A3.6,variable specification,"Sophistication of Theory/Conceptualization, significant results vs. nonsignificant results",table,"#Sophistication of Theory/Conceptualization TOSTtwo(m1=equiv_array[3,5], m2=equiv_array[4,5], sd1=equiv_array[3,6], sd2=equiv_array[4,6], n1=n_sig, n2=n_nonsig, low_eqbound_d=-0.5, high_eqbound_d=0.5, alpha = 0.05)
",pilot_paper/elson_2020/analysis_code.R,"245, 247",1.0,1,1.0,,,variables,elson_2020,A3.6,55,exact,0.93
A3.6,transformation,,,,pilot_paper/elson_2020/analysis_code.R,,,,,,,transform,elson_2020,A3.6,55,exact,0.93
A3.6,variable specification,"Sophistication of Theory/Conceptualization, significant results vs. nonsignificant results",table,"#Sophistication of Theory/Conceptualization TOSTtwo(m1=equiv_array[3,5], m2=equiv_array[4,5], sd1=equiv_array[3,6], sd2=equiv_array[4,6], n1=n_sig, n2=n_nonsig, low_eqbound_d=-0.5, high_eqbound_d=0.5, alpha = 0.05)
",pilot_paper/elson_2020/analysis_code.R,"245, 247",1.0,1,1.0,,,variables,elson_2020,A3.6,55,exact,0.93
A3.6,transformation,,,,pilot_paper/elson_2020/analysis_code.R,,,,,,,transform,elson_2020,A3.6,55,exact,0.93
A3.6,variable specification,"Sophistication of Theory/Conceptualization, significant results vs. nonsignificant results",table,"#Sophistication of Theory/Conceptualization TOSTtwo(m1=equiv_array[3,5], m2=equiv_array[4,5], sd1=equiv_array[3,6], sd2=equiv_array[4,6], n1=n_sig, n2=n_nonsig, low_eqbound_d=-0.5, high_eqbound_d=0.5, alpha = 0.05)
",pilot_paper/elson_2020/analysis_code.R,"245, 247",1.0,1,1.0,,,variables,elson_2020,A3.6,55,exact,0.93
A3.6,transformation,,,,pilot_paper/elson_2020/analysis_code.R,,,,,,,transform,elson_2020,A3.6,55,exact,0.93
A3.6,inference criteria,"""and α = .05 (see Table 5)""",text,"TOSTtwo(m1=equiv_array[3,5], m2=equiv_array[4,5], sd1=equiv_array[3,6], sd2=equiv_array[4,6], n1=n_sig, n2=n_nonsig, low_eqbound_d=-0.5, high_eqbound_d=0.5, alpha = 0.05)",pilot_paper/elson_2020/analysis_code.R,247,1.0,0,1.0,,,inference,elson_2020,A3.6,55,exact,0.93
A3.7,model specification,"""Therefore, for all main effects, we conducted two-tailed equivalence tests with lower and upper bounds of Cohen’s d = −0.50 and +0.50 (which corresponded to our sensitivity analysis at 80% power)""",text,"TOSTtwo(m1=equiv_array[1,7], m2=equiv_array[2,7], sd1=equiv_array[1,8], sd2=equiv_array[2,8], n1=n_orig, n2=n_rep, low_eqbound_d=-0.5, high_eqbound_d=0.5, alpha = 0.05)",pilot_paper/elson_2020/analysis_code.R,250,1.0,1,1.0,,,model,elson_2020,A3.7,,no_match,0.0
A3.7,variable specification,"Appropriateness of Methods/Research Design, original study vs. replication",table,#Appropriateness of Methods/Research Design,pilot_paper/elson_2020/analysis_code.R,"249, 250",1.0,1,1.0,,,variables,elson_2020,A3.7,,no_match,0.0
A3.7,transformation,,,,pilot_paper/elson_2020/analysis_code.R,,,,,,,transform,elson_2020,A3.7,,no_match,0.0
A3.7,variable specification,"Appropriateness of Methods/Research Design, original study vs. replication",table,#Appropriateness of Methods/Research Design,pilot_paper/elson_2020/analysis_code.R,"249, 250",1.0,1,1.0,,,variables,elson_2020,A3.7,,no_match,0.0
A3.7,transformation,,,,pilot_paper/elson_2020/analysis_code.R,,,,,,,transform,elson_2020,A3.7,,no_match,0.0
A3.7,variable specification,"Appropriateness of Methods/Research Design, original study vs. replication",table,#Appropriateness of Methods/Research Design,pilot_paper/elson_2020/analysis_code.R,"249, 250",1.0,1,1.0,,,variables,elson_2020,A3.7,,no_match,0.0
A3.7,transformation,,,,pilot_paper/elson_2020/analysis_code.R,,,,,,,transform,elson_2020,A3.7,,no_match,0.0
A3.7,inference criteria,"""and α = .05 (see Table 5)""",text,"TOSTtwo(m1=equiv_array[1,7], m2=equiv_array[2,7], sd1=equiv_array[1,8], sd2=equiv_array[2,8], n1=n_orig, n2=n_rep, low_eqbound_d=-0.5, high_eqbound_d=0.5, alpha = 0.05)",pilot_paper/elson_2020/analysis_code.R,250,,0,1.0,,,inference,elson_2020,A3.7,,no_match,0.0
A3.8,model specification,"""Therefore, for all main effects, we conducted two-tailed equivalence tests with lower and upper bounds of Cohen’s d = −0.50 and +0.50 (which corresponded to our sensitivity analysis at 80% power)""",text,"TOSTtwo(m1=equiv_array[3,7], m2=equiv_array[4,7], sd1=equiv_array[3,8], sd2=equiv_array[4,8], n1=n_sig, n2=n_nonsig, low_eqbound_d=-0.5, high_eqbound_d=0.5, alpha = 0.05)",pilot_paper/elson_2020/analysis_code.R,251,1.0,1,1.0,,,model,elson_2020,A3.8,57,exact,0.96
A3.8,variable specification,"Appropriateness of Methods/Research Design, significant results vs. nonsignificant results",table,"#Appropriateness of Methods/Research Design
 TOSTtwo(m1=equiv_array[3,7], m2=equiv_array[4,7], sd1=equiv_array[3,8], sd2=equiv_array[4,8], n1=n_sig, n2=n_nonsig, low_eqbound_d=-0.5, high_eqbound_d=0.5, alpha = 0.05)",pilot_paper/elson_2020/analysis_code.R,"249, 251",1.0,1,1.0,,,variables,elson_2020,A3.8,57,exact,0.96
A3.8,transformation,,,,pilot_paper/elson_2020/analysis_code.R,,,,,,,transform,elson_2020,A3.8,57,exact,0.96
A3.8,inference criteria,"""and α = .05 (see Table 5)""",text,"TOSTtwo(m1=equiv_array[3,7], m2=equiv_array[4,7], sd1=equiv_array[3,8], sd2=equiv_array[4,8], n1=n_sig, n2=n_nonsig, low_eqbound_d=-0.5, high_eqbound_d=0.5, alpha = 0.05)",pilot_paper/elson_2020/analysis_code.R,251,1.0,0,1.0,,,inference,elson_2020,A3.8,57,exact,0.96
A3.9,model specification,"""Therefore, for all main effects, we conducted two-tailed equivalence tests with lower and upper bounds of Cohen’s d = −0.50 and +0.50 (which corresponded to our sensitivity analysis at 80% power)""",text,"TOSTtwo(m1=equiv_array[1,9], m2=equiv_array[2,9], sd1=equiv_array[1,10], sd2=equiv_array[2,10], n1=n_orig, n2=n_rep, low_eqbound_d=-0.5, high_eqbound_d=0.5, alpha = 0.05)",pilot_paper/elson_2020/analysis_code.R,254,1.0,1,1.0,,,model,elson_2020,A3.9,58,exact,0.93
A3.9,variable specification,"Quality of Presentation and Discussion of Results, original study vs. replication",table,"#Quality of Presentation and Discussion of Results TOSTtwo(m1=equiv_array[1,9], m2=equiv_array[2,9], sd1=equiv_array[1,10], sd2=equiv_array[2,10], n1=n_orig, n2=n_rep, low_eqbound_d=-0.5, high_eqbound_d=0.5, alpha = 0.05)
",pilot_paper/elson_2020/analysis_code.R,"253, 254",1.0,1,1.0,,,variables,elson_2020,A3.9,58,exact,0.93
A3.9,transformation,,,,pilot_paper/elson_2020/analysis_code.R,,,,,,,transform,elson_2020,A3.9,58,exact,0.93
A3.9,variable specification,"Quality of Presentation and Discussion of Results, original study vs. replication",table,"#Quality of Presentation and Discussion of Results TOSTtwo(m1=equiv_array[1,9], m2=equiv_array[2,9], sd1=equiv_array[1,10], sd2=equiv_array[2,10], n1=n_orig, n2=n_rep, low_eqbound_d=-0.5, high_eqbound_d=0.5, alpha = 0.05)
",pilot_paper/elson_2020/analysis_code.R,"253, 254",1.0,1,1.0,,,variables,elson_2020,A3.9,58,exact,0.93
A3.9,transformation,,,,pilot_paper/elson_2020/analysis_code.R,,,,,,,transform,elson_2020,A3.9,58,exact,0.93
A3.9,variable specification,"Quality of Presentation and Discussion of Results, original study vs. replication",table,"#Quality of Presentation and Discussion of Results TOSTtwo(m1=equiv_array[1,9], m2=equiv_array[2,9], sd1=equiv_array[1,10], sd2=equiv_array[2,10], n1=n_orig, n2=n_rep, low_eqbound_d=-0.5, high_eqbound_d=0.5, alpha = 0.05)
",pilot_paper/elson_2020/analysis_code.R,"253, 254",1.0,1,1.0,,,variables,elson_2020,A3.9,58,exact,0.93
A3.9,transformation,,,,pilot_paper/elson_2020/analysis_code.R,,,,,,,transform,elson_2020,A3.9,58,exact,0.93
A3.9,inference criteria,"""and α = .05 (see Table 5)""",text,"TOSTtwo(m1=equiv_array[1,9], m2=equiv_array[2,9], sd1=equiv_array[1,10], sd2=equiv_array[2,10], n1=n_orig, n2=n_rep, low_eqbound_d=-0.5, high_eqbound_d=0.5, alpha = 0.05)",pilot_paper/elson_2020/analysis_code.R,254,1.0,0,1.0,,,inference,elson_2020,A3.9,58,exact,0.93
A3.10,model specification,"""Therefore, for all main effects, we conducted two-tailed equivalence tests with lower and upper bounds of Cohen’s d = −0.50 and +0.50 (which corresponded to our sensitivity analysis at 80% power)""",text,"TOSTtwo(m1=equiv_array[3,9], m2=equiv_array[4,9], sd1=equiv_array[3,10], sd2=equiv_array[4,10], n1=n_sig, n2=n_nonsig, low_eqbound_d=-0.5, high_eqbound_d=0.5, alpha = 0.05)",pilot_paper/elson_2020/analysis_code.R,255,1.0,1,1.0,,,model,elson_2020,A3.10,59,exact,0.9
A3.10,variable specification,"Quality of Presentation and Discussion of Results, significant results vs. nonsignificant results",table,"#Quality of Presentation and Discussion of Results TOSTtwo(m1=equiv_array[3,9], m2=equiv_array[4,9], sd1=equiv_array[3,10], sd2=equiv_array[4,10], n1=n_sig, n2=n_nonsig, low_eqbound_d=-0.5, high_eqbound_d=0.5, alpha = 0.05)",pilot_paper/elson_2020/analysis_code.R,"253, 255",1.0,1,1.0,,,variables,elson_2020,A3.10,59,exact,0.9
A3.10,transformation,,,,pilot_paper/elson_2020/analysis_code.R,,,,,,,transform,elson_2020,A3.10,59,exact,0.9
A3.10,variable specification,"Quality of Presentation and Discussion of Results, significant results vs. nonsignificant results",table,"#Quality of Presentation and Discussion of Results TOSTtwo(m1=equiv_array[3,9], m2=equiv_array[4,9], sd1=equiv_array[3,10], sd2=equiv_array[4,10], n1=n_sig, n2=n_nonsig, low_eqbound_d=-0.5, high_eqbound_d=0.5, alpha = 0.05)",pilot_paper/elson_2020/analysis_code.R,"253, 255",1.0,1,1.0,,,variables,elson_2020,A3.10,59,exact,0.9
A3.10,transformation,,,,pilot_paper/elson_2020/analysis_code.R,,,,,,,transform,elson_2020,A3.10,59,exact,0.9
A3.10,variable specification,"Quality of Presentation and Discussion of Results, significant results vs. nonsignificant results",table,"#Quality of Presentation and Discussion of Results TOSTtwo(m1=equiv_array[3,9], m2=equiv_array[4,9], sd1=equiv_array[3,10], sd2=equiv_array[4,10], n1=n_sig, n2=n_nonsig, low_eqbound_d=-0.5, high_eqbound_d=0.5, alpha = 0.05)",pilot_paper/elson_2020/analysis_code.R,"253, 255",1.0,1,1.0,,,variables,elson_2020,A3.10,59,exact,0.9
A3.10,transformation,,,,pilot_paper/elson_2020/analysis_code.R,,,,,,,transform,elson_2020,A3.10,59,exact,0.9
A3.10,inference criteria,"""and α = .05 (see Table 5)""",text,"TOSTtwo(m1=equiv_array[3,9], m2=equiv_array[4,9], sd1=equiv_array[3,10], sd2=equiv_array[4,10], n1=n_sig, n2=n_nonsig, low_eqbound_d=-0.5, high_eqbound_d=0.5, alpha = 0.05)",pilot_paper/elson_2020/analysis_code.R,255,1.0,0,1.0,,,inference,elson_2020,A3.10,59,exact,0.9
A3.11,model specification,"""Therefore, for all main effects, we conducted two-tailed equivalence tests with lower and upper bounds of Cohen’s d = −0.50 and +0.50 (which corresponded to our sensitivity analysis at 80% power)""",text,"TOSTtwo(m1=equiv_array[1,11], m2=equiv_array[2,11], sd1=equiv_array[1,12], sd2=equiv_array[2,12], n1=n_orig, n2=n_rep, low_eqbound_d=-0.5, high_eqbound_d=0.5, alpha = 0.05)",pilot_paper/elson_2020/analysis_code.R,258,1.0,1,1.0,,,model,elson_2020,A3.11,60,fragment_of,0.86
A3.11,variable specification,"Overall Recommendation, original study vs. replication
",table,"#Overall Recommendation TOSTtwo(m1=equiv_array[1,11], m2=equiv_array[2,11], sd1=equiv_array[1,12], sd2=equiv_array[2,12], n1=n_orig, n2=n_rep, low_eqbound_d=-0.5, high_eqbound_d=0.5, alpha = 0.05)

",pilot_paper/elson_2020/analysis_code.R,"257, 258",1.0,1,1.0,,,variables,elson_2020,A3.11,60,fragment_of,0.86
A3.11,transformation,,,,pilot_paper/elson_2020/analysis_code.R,,,,,,,transform,elson_2020,A3.11,60,fragment_of,0.86
A3.11,variable specification,"Overall Recommendation, original study vs. replication
",table,"#Overall Recommendation TOSTtwo(m1=equiv_array[1,11], m2=equiv_array[2,11], sd1=equiv_array[1,12], sd2=equiv_array[2,12], n1=n_orig, n2=n_rep, low_eqbound_d=-0.5, high_eqbound_d=0.5, alpha = 0.05)

",pilot_paper/elson_2020/analysis_code.R,"257, 258",1.0,1,1.0,,,variables,elson_2020,A3.11,60,fragment_of,0.86
A3.11,transformation,,,,pilot_paper/elson_2020/analysis_code.R,,,,,,,transform,elson_2020,A3.11,60,fragment_of,0.86
A3.11,variable specification,"Overall Recommendation, original study vs. replication
",table,"#Overall Recommendation TOSTtwo(m1=equiv_array[1,11], m2=equiv_array[2,11], sd1=equiv_array[1,12], sd2=equiv_array[2,12], n1=n_orig, n2=n_rep, low_eqbound_d=-0.5, high_eqbound_d=0.5, alpha = 0.05)

",pilot_paper/elson_2020/analysis_code.R,"257, 258",1.0,1,1.0,,,variables,elson_2020,A3.11,60,fragment_of,0.86
A3.11,transformation,,,,pilot_paper/elson_2020/analysis_code.R,,,,,,,transform,elson_2020,A3.11,60,fragment_of,0.86
A3.11,inference criteria,"""and α = .05 (see Table 5)""",text,"TOSTtwo(m1=equiv_array[1,11], m2=equiv_array[2,11], sd1=equiv_array[1,12], sd2=equiv_array[2,12], n1=n_orig, n2=n_rep, low_eqbound_d=-0.5, high_eqbound_d=0.5, alpha = 0.05)",pilot_paper/elson_2020/analysis_code.R,258,1.0,0,1.0,,,inference,elson_2020,A3.11,60,fragment_of,0.86
A3.12,model specification,"""Therefore, for all main effects, we conducted two-tailed equivalence tests with lower and upper bounds of Cohen’s d = −0.50 and +0.50 (which corresponded to our sensitivity analysis at 80% power)""",text,"TOSTtwo(m1=equiv_array[3,11], m2=equiv_array[4,11], sd1=equiv_array[3,12], sd2=equiv_array[4,12], n1=n_sig, n2=n_nonsig, low_eqbound_d=-0.5, high_eqbound_d=0.5, alpha = 0.05)",pilot_paper/elson_2020/analysis_code.R,259,1.0,1,1.0,,,model,elson_2020,A3.12,61,exact,0.96
A3.12,variable specification,"Overall Recommendation, significant results vs. nonsignificant results",table,"#Overall Recommendation TOSTtwo(m1=equiv_array[3,11], m2=equiv_array[4,11], sd1=equiv_array[3,12], sd2=equiv_array[4,12], n1=n_sig, n2=n_nonsig, low_eqbound_d=-0.5, high_eqbound_d=0.5, alpha = 0.05)
",pilot_paper/elson_2020/analysis_code.R,"257, 259",1.0,1,1.0,,,variables,elson_2020,A3.12,61,exact,0.96
A3.12,transformation,,,,pilot_paper/elson_2020/analysis_code.R,,,,,,,transform,elson_2020,A3.12,61,exact,0.96
A3.12,variable specification,"Overall Recommendation, significant results vs. nonsignificant results",table,"#Overall Recommendation TOSTtwo(m1=equiv_array[3,11], m2=equiv_array[4,11], sd1=equiv_array[3,12], sd2=equiv_array[4,12], n1=n_sig, n2=n_nonsig, low_eqbound_d=-0.5, high_eqbound_d=0.5, alpha = 0.05)
",pilot_paper/elson_2020/analysis_code.R,"257, 259",1.0,1,1.0,,,variables,elson_2020,A3.12,61,exact,0.96
A3.12,transformation,,,,pilot_paper/elson_2020/analysis_code.R,,,,,,,transform,elson_2020,A3.12,61,exact,0.96
A3.12,variable specification,"Overall Recommendation, significant results vs. nonsignificant results",table,"#Overall Recommendation TOSTtwo(m1=equiv_array[3,11], m2=equiv_array[4,11], sd1=equiv_array[3,12], sd2=equiv_array[4,12], n1=n_sig, n2=n_nonsig, low_eqbound_d=-0.5, high_eqbound_d=0.5, alpha = 0.05)
",pilot_paper/elson_2020/analysis_code.R,"257, 259",1.0,1,1.0,,,variables,elson_2020,A3.12,61,exact,0.96
A3.12,transformation,,,,pilot_paper/elson_2020/analysis_code.R,,,,,,,transform,elson_2020,A3.12,61,exact,0.96
A3.12,inference criteria,"""and α = .05 (see Table 5)""",text,"TOSTtwo(m1=equiv_array[3,11], m2=equiv_array[4,11], sd1=equiv_array[3,12], sd2=equiv_array[4,12], n1=n_sig, n2=n_nonsig, low_eqbound_d=-0.5, high_eqbound_d=0.5, alpha = 0.05)",pilot_paper/elson_2020/analysis_code.R,259,1.0,0,1.0,,,inference,elson_2020,A3.12,61,exact,0.96
A3.13,model specification,"""Therefore, for all main effects, we conducted two-tailed equivalence tests with lower and upper bounds of Cohen’s d = −0.50 and +0.50 (which corresponded to our sensitivity analysis at 80% power)""",text,"TOSTtwo(m1=equiv_array[1,13], m2=equiv_array[2,13], sd1=equiv_array[1,14], sd2=equiv_array[2,14], n1=n_orig, n2=n_rep, low_eqbound_d=-0.5, high_eqbound_d=0.5, alpha = 0.05)",pilot_paper/elson_2020/analysis_code.R,262,1.0,1,1.0,,,model,elson_2020,A3.13,62,exact,0.9
A3.13,variable specification,"Total Score, original study vs. replication",table,"#Total Score TOSTtwo(m1=equiv_array[1,13], m2=equiv_array[2,13], sd1=equiv_array[1,14], sd2=equiv_array[2,14], n1=n_orig, n2=n_rep, low_eqbound_d=-0.5, high_eqbound_d=0.5, alpha = 0.05)
",pilot_paper/elson_2020/analysis_code.R,"261, 262",1.0,1,1.0,,,variables,elson_2020,A3.13,62,exact,0.9
A3.13,transformation,"""For each review, a total score was computed from the evaluation ratings (each worth 10%) and the recommendation rating (worth 50%).""",text,,pilot_paper/elson_2020/analysis_code.R,,,1,0.0,would need raw data from before the processing,,transform,elson_2020,A3.13,62,exact,0.9
A3.13,variable specification,"Total Score, original study vs. replication",table,"#Total Score TOSTtwo(m1=equiv_array[1,13], m2=equiv_array[2,13], sd1=equiv_array[1,14], sd2=equiv_array[2,14], n1=n_orig, n2=n_rep, low_eqbound_d=-0.5, high_eqbound_d=0.5, alpha = 0.05)
",pilot_paper/elson_2020/analysis_code.R,"261, 262",1.0,1,1.0,,,variables,elson_2020,A3.13,62,exact,0.9
A3.13,transformation,"""For each review, a total score was computed from the evaluation ratings (each worth 10%) and the recommendation rating (worth 50%).""",text,,pilot_paper/elson_2020/analysis_code.R,,,1,0.0,would need raw data from before the processing,,transform,elson_2020,A3.13,62,exact,0.9
A3.13,variable specification,"Total Score, original study vs. replication",table,"#Total Score TOSTtwo(m1=equiv_array[1,13], m2=equiv_array[2,13], sd1=equiv_array[1,14], sd2=equiv_array[2,14], n1=n_orig, n2=n_rep, low_eqbound_d=-0.5, high_eqbound_d=0.5, alpha = 0.05)
",pilot_paper/elson_2020/analysis_code.R,"261, 262",1.0,1,1.0,,,variables,elson_2020,A3.13,62,exact,0.9
A3.13,transformation,"""For each review, a total score was computed from the evaluation ratings (each worth 10%) and the recommendation rating (worth 50%).""",text,,pilot_paper/elson_2020/analysis_code.R,,,1,0.0,would need raw data from before the processing,,transform,elson_2020,A3.13,62,exact,0.9
A3.13,inference criteria,"""and α = .05 (see Table 5)""",text,"TOSTtwo(m1=equiv_array[1,13], m2=equiv_array[2,13], sd1=equiv_array[1,14], sd2=equiv_array[2,14], n1=n_orig, n2=n_rep, low_eqbound_d=-0.5, high_eqbound_d=0.5, alpha = 0.05)",pilot_paper/elson_2020/analysis_code.R,262,1.0,0,1.0,,,inference,elson_2020,A3.13,62,exact,0.9
A3.14,model specification,"""Therefore, for all main effects, we conducted two-tailed equivalence tests with lower and upper bounds of Cohen’s d = −0.50 and +0.50 (which corresponded to our sensitivity analysis at 80% power)""",text,"TOSTtwo(m1=equiv_array[3,13], m2=equiv_array[4,13], sd1=equiv_array[3,14], sd2=equiv_array[4,14], n1=n_sig, n2=n_nonsig, low_eqbound_d=-0.5, high_eqbound_d=0.5, alpha = 0.05)",pilot_paper/elson_2020/analysis_code.R,263,1.0,1,1.0,,,model,elson_2020,A3.14,63,exact,0.96
A3.14,variable specification,"Total Score, significant results vs. nonsignificant results",table,"#Total Score TOSTtwo(m1=equiv_array[3,13], m2=equiv_array[4,13], sd1=equiv_array[3,14], sd2=equiv_array[4,14], n1=n_sig, n2=n_nonsig, low_eqbound_d=-0.5, high_eqbound_d=0.5, alpha = 0.05)
",pilot_paper/elson_2020/analysis_code.R,"261, 263",1.0,1,1.0,,,variables,elson_2020,A3.14,63,exact,0.96
A3.14,transformation,"""For each review, a total score was computed from the evaluation ratings (each worth 10%) and the recommendation rating (worth 50%).""",text,,pilot_paper/elson_2020/analysis_code.R,,,1,0.0,would need raw data from before the processing,,transform,elson_2020,A3.14,63,exact,0.96
A3.14,variable specification,"Total Score, significant results vs. nonsignificant results",table,"#Total Score TOSTtwo(m1=equiv_array[3,13], m2=equiv_array[4,13], sd1=equiv_array[3,14], sd2=equiv_array[4,14], n1=n_sig, n2=n_nonsig, low_eqbound_d=-0.5, high_eqbound_d=0.5, alpha = 0.05)
",pilot_paper/elson_2020/analysis_code.R,"261, 263",1.0,1,1.0,,,variables,elson_2020,A3.14,63,exact,0.96
A3.14,transformation,"""For each review, a total score was computed from the evaluation ratings (each worth 10%) and the recommendation rating (worth 50%).""",text,,pilot_paper/elson_2020/analysis_code.R,,,1,0.0,would need raw data from before the processing,,transform,elson_2020,A3.14,63,exact,0.96
A3.14,variable specification,"Total Score, significant results vs. nonsignificant results",table,"#Total Score TOSTtwo(m1=equiv_array[3,13], m2=equiv_array[4,13], sd1=equiv_array[3,14], sd2=equiv_array[4,14], n1=n_sig, n2=n_nonsig, low_eqbound_d=-0.5, high_eqbound_d=0.5, alpha = 0.05)
",pilot_paper/elson_2020/analysis_code.R,"261, 263",1.0,1,1.0,,,variables,elson_2020,A3.14,63,exact,0.96
A3.14,transformation,"""For each review, a total score was computed from the evaluation ratings (each worth 10%) and the recommendation rating (worth 50%).""",text,,pilot_paper/elson_2020/analysis_code.R,,,1,0.0,would need raw data from before the processing,,transform,elson_2020,A3.14,63,exact,0.96
A3.14,inference criteria,"""and α = .05 (see Table 5)""",text,"TOSTtwo(m1=equiv_array[3,13], m2=equiv_array[4,13], sd1=equiv_array[3,14], sd2=equiv_array[4,14], n1=n_sig, n2=n_nonsig, low_eqbound_d=-0.5, high_eqbound_d=0.5, alpha = 0.05)",pilot_paper/elson_2020/analysis_code.R,263,1.0,0,1.0,,,inference,elson_2020,A3.14,63,exact,0.96
